0,1,254,jason-joker.png,542,739
1,4,356,jason-joker.png,542,739
2,23,453,jason-joker.png,542,739
3,49,538,jason-joker.png,542,739
4,86,583,jason-joker.png,542,739
5,125,624,jason-joker.png,542,739
6,164,664,jason-joker.png,542,739
7,202,706,jason-joker.png,542,739
8,269,729,jason-joker.png,542,739
9,333,707,jason-joker.png,542,739
10,378,662,jason-joker.png,542,739
11,410,624,jason-joker.png,542,739
12,446,583,jason-joker.png,542,739
13,484,531,jason-joker.png,542,739
14,518,452,jason-joker.png,542,739
15,537,357,jason-joker.png,542,739
16,538,255,jason-joker.png,542,739
17,28,168,jason-joker.png,542,739
18,66,140,jason-joker.png,542,739
19,118,139,jason-joker.png,542,739
20,163,159,jason-joker.png,542,739
21,203,187,jason-joker.png,542,739
22,300,186,jason-joker.png,542,739
23,343,157,jason-joker.png,542,739
24,397,129,jason-joker.png,542,739
25,459,130,jason-joker.png,542,739
26,500,158,jason-joker.png,542,739
27,250,254,jason-joker.png,542,739
28,254,308,jason-joker.png,542,739
29,256,368,jason-joker.png,542,739
30,259,430,jason-joker.png,542,739
31,190,446,jason-joker.png,542,739
32,222,452,jason-joker.png,542,739
33,259,463,jason-joker.png,542,739
34,299,452,jason-joker.png,542,739
35,332,446,jason-joker.png,542,739
36,67,272,jason-joker.png,542,739
37,101,248,jason-joker.png,542,739
38,156,250,jason-joker.png,542,739
39,191,273,jason-joker.png,542,739
40,153,286,jason-joker.png,542,739
41,97,292,jason-joker.png,542,739
42,324,269,jason-joker.png,542,739
43,371,241,jason-joker.png,542,739
44,427,241,jason-joker.png,542,739
45,458,265,jason-joker.png,542,739
46,421,284,jason-joker.png,542,739
47,372,284,jason-joker.png,542,739
48,126,520,jason-joker.png,542,739
49,164,512,jason-joker.png,542,739
50,204,507,jason-joker.png,542,739
51,262,508,jason-joker.png,542,739
52,319,507,jason-joker.png,542,739
53,360,515,jason-joker.png,542,739
54,398,526,jason-joker.png,542,739
55,369,557,jason-joker.png,542,739
56,331,573,jason-joker.png,542,739
57,266,582,jason-joker.png,542,739
58,196,574,jason-joker.png,542,739
59,154,554,jason-joker.png,542,739
60,191,534,jason-joker.png,542,739
61,232,530,jason-joker.png,542,739
62,264,530,jason-joker.png,542,739
63,298,529,jason-joker.png,542,739
64,338,531,jason-joker.png,542,739
65,298,541,jason-joker.png,542,739
66,264,542,jason-joker.png,542,739
67,232,542,jason-joker.png,542,739
68,10,174,jason-joker.png,542,739
69,42,77,jason-joker.png,542,739
70,140,17,jason-joker.png,542,739
71,256,4,jason-joker.png,542,739
72,388,10,jason-joker.png,542,739
73,501,68,jason-joker.png,542,739
74,534,167,jason-joker.png,542,739
